"","Child","X","layer","age","aq","scoreByMean","scoreByStd","scoreByMaxmin","MeanCompl","MeanMeaning","MeanTracing","MeanColoring","MeanScribble"
"1","P10",0,0,68,11.2244897959184,0.511344011935995,0.161879749812741,0.554217300120878,54,58.6333333333333,29.8,25.9,27.95
"2","P100",1,0,45,15.3061224489796,0.888868811718339,0.181775547179373,0.582481264443887,28.6153846153846,37.3846153846154,14.5769230769231,16.8846153846154,33.6346153846154
"3","P101",2,0,25,30.8510638297872,0.445661039670661,0.212968655789868,0.750743337455189,15.0285714285714,23.6285714285714,15.4,23.7142857142857,50.8857142857143
"4","P102",3,0,61,19,0.683333191679753,0.218046860611063,0.797441636068385,43.5,50.2857142857143,15.2,24.7142857142857,31.1571428571429
"5","P103",4,0,27,-1,0.572454201388916,0.22338245618415,0.785096464573825,15.6029411764706,15.3235294117647,13.2647058823529,12.3823529411765,60.7941176470588
"6","P104",5,0,92,23,0.540481727602652,0.209366006984222,0.6298946885041,60.3611111111111,75.9166666666667,17.7777777777778,15.3611111111111,13
"7","P105",6,0,61,11,0.598565646065045,0.267733145334105,0.673890843532267,42.5952380952381,68.8571428571429,13.4285714285714,43.7619047619048,20.4047619047619
"8","P106",7,0,68,21,0.763259960711938,0.217461725080967,0.758087697444668,62.3285714285714,70.4857142857143,9.51428571428571,16.6285714285714,9.75714285714286
"9","P107",8,0,46,27.0833333333333,0.67185671257164,0.16905879656625,0.665210086202524,14.8428571428571,23,8.85714285714286,24.3142857142857,49.1857142857143
"10","P108",9,0,43,28,0.383328251056173,0.163916633616317,0.52289845092904,21.7916666666667,28.7777777777778,7.66666666666667,16.1111111111111,33.8194444444444
"11","P109",10,0,35,16,0.449762630272732,0.141945278124543,0.527308616096441,20.9411764705882,47.2352941176471,30.9411764705882,27.5294117647059,33.8088235294118
"12","P11",11,0,94,34.6938775510204,0.576514929647637,0.215889395379711,0.597812843032082,42.1,82.4,0,0,3.5
"13","P110",12,0,88,17,0.818989072724053,0.210409845552154,0.848927623273743,54.5142857142857,65.4,17.7714285714286,36.0857142857143,16.3571428571429
"14","P111",13,0,73,16.3265306122449,0.595805810099836,0.268620918185858,0.818043931024103,70.3888888888889,84.1944444444444,15.8333333333333,14.9444444444444,15.7638888888889
"15","P113",14,0,64,23,0.767225198508873,0.202195711081637,0.807808326728355,11.3055555555556,74.1388888888889,93.0277777777778,4.16666666666667,4.31944444444444
"16","P115",15,0,60,22,0.513378605744097,0.293079679055741,1.1544604231409,44.3,57.5333333333333,9.73333333333333,15.7,17.6166666666667
"17","P116",16,0,78,27.5510204081633,0.71216911812404,0.240369857196735,0.822902016356191,69,78.5294117647059,14.7352941176471,29.8823529411765,15.7794117647059
"18","P117",17,0,42,20,0.700292535794764,0.251391809214573,0.889323706284305,34.4166666666667,33.3333333333333,22.3888888888889,16.4444444444444,29.7916666666667
"19","P118",18,0,54,17.7083333333333,0.749781481708798,0.191180495157307,0.723464835368472,4.83333333333333,67.4444444444444,96.7777777777778,0,0
"20","P119",19,0,38,12,0.40333720937778,0.187161185375176,0.764621241599382,16.4,30.1,21.8333333333333,25.7,50.4166666666667
"21","P12",20,0,46,9,0.483429606444616,0.212325224611561,0.670614306378164,0,18.1666666666667,3.83333333333333,44.8333333333333,30.6666666666667
"22","P120",21,0,59,15,0.787097236310793,0.286503183888531,0.93798801565315,58.948275862069,72.4137931034483,16.1724137931034,39.3103448275862,17.2586206896552
"23","P121",22,0,66,-1,0.733779329175125,0.190674412570861,0.634228371006026,61,77.2692307692308,16.2307692307692,19.7307692307692,10.8846153846154
"24","P13",23,0,58,18,0.58331787924193,0.252365117087847,0.613022197182117,19.75,67.0555555555556,87,25.7222222222222,17
"25","P14",24,0,38,20,0.496368138457595,0.146854726001106,0.586416581005657,29.9838709677419,44.1290322580645,37.0645161290323,39.9354838709677,33.0483870967742
"26","P15",25,0,29,-1,0.439163538432295,0.142389319346702,0.483228635898483,22.5178571428571,23.3571428571429,10.8928571428571,11.5714285714286,61.3035714285714
"27","P16",26,0,62,35,0.450129291840145,0.158905949205359,0.5638883635519,18.3,24.9666666666667,12.2,23.0666666666667,52.7333333333333
"28","P17",27,0,67,6,0.498424066574402,0.202029303621425,0.663238922104362,37.8833333333333,41.4666666666667,15.7666666666667,30.9,36.2833333333333
"29","P18",28,0,53,20,0.577417848428666,0.191499149696786,0.639249998529261,42.3448275862069,68.448275862069,11.8620689655172,60.8965517241379,20.9310344827586
"30","P19",29,0,71,15,0.687285278530129,0.196196861846719,0.609235205438697,53.875,72.0714285714286,15.8928571428571,26.25,11.5178571428571
"31","P20",30,0,49,15.8536585365854,0.627566963378383,0.334209315864146,0.965937847436632,36.0322580645161,47.8709677419355,27.5161290322581,47.5161290322581,36.8225806451613
"32","P21",31,0,60,16,0.644011540599576,0.263931178247882,1.06815278956748,24.3333333333333,49.1851851851852,31.1481481481481,9.18518518518519,20.2407407407407
"33","P22",32,0,71,18,0.541019742170084,0.177533471664538,0.684940053704581,59.9814814814815,69.8148148148148,16,19.7037037037037,13.3333333333333
"34","P24",33,0,65,21,0.613359716844375,0.185132629583364,0.722088215568075,37.9137931034483,48.4827586206897,24.2068965517241,44.5172413793103,35.051724137931
"35","P25",34,0,41,17.0454545454545,0.338934950505378,0.137635064348861,0.43257010772839,33.7666666666667,48.7333333333333,33.5666666666667,30.7,21.4
"36","P26",35,0,56,15.5555555555556,0.563158009595181,0.132251240906763,0.470835680721301,17.7407407407407,32.2962962962963,16.962962962963,65.962962962963,41.0925925925926
"37","P27",36,0,55,10.4166666666667,0.462517530033578,0.134730541995832,0.484425711659618,19.9137931034483,33.2758620689655,16.3793103448276,56.0689655172414,48.2931034482759
"38","P28",37,0,66,7,0.873189465525334,0.262214886366823,0.732621591294167,64.6964285714286,65.3214285714286,33.0714285714286,27.9285714285714,21.75
"39","P29",38,0,66,11,0.83253746424396,0.393373105617504,1.04309845784983,42.3888888888889,63.1851851851852,7.48148148148148,9.37037037037037,19.537037037037
"40","P30",39,0,89,16,0.606281299512965,0.156893949205996,0.6570272598629,19.7666666666667,68.8666666666667,16.1333333333333,84.3666666666667,18.8333333333333
"41","P31",40,0,60,24.4897959183673,0.699771463419104,0.213202185427495,0.87833896326329,60.7777777777778,68.7777777777778,19.0740740740741,20.2592592592593,23.5925925925926
"42","P32",41,0,68,11.2244897959184,0.751486883782523,0.279793744895131,0.868981149358208,38.55,38.3,21.5666666666667,33.6,48.9166666666667
"43","P33",42,0,67,23.6842105263158,0.512971061183262,0.154301396090767,0.527217274686649,29.0333333333333,70.2666666666667,27.9333333333333,80.7,16.7
"44","P34",43,0,46,26.530612244898,0.580357005011592,0.172789349516024,0.607753900453059,33.5178571428571,50.8571428571429,35.1071428571429,16.8928571428571,26.4464285714286
"45","P35",44,0,61,33,0.503936812202874,0.206459313330582,0.750569868609352,19,72.7666666666667,15.6333333333333,81.2,13.7666666666667
"46","P36",45,0,52,15,0.75597667855409,0.21885887637205,0.669555468948622,31.6896551724138,58.8620689655172,26.9655172413793,59.5862068965517,32.7241379310345
"47","P39",46,0,50,11.2244897959184,0.838025181750844,0.257700527839257,0.986149919317369,57.3,59.7666666666667,15.0333333333333,21.9,31.0333333333333
"48","P41",47,0,48,10,0.476624706774864,0.228830324210448,0.788560945725637,32.2833333333333,47.6666666666667,27.4333333333333,14.4666666666667,28.85
"49","P42",48,0,51,7,0.601540349408379,0.194736042243663,0.43618368374741,26.7666666666667,65.6,30.4666666666667,81.3333333333333,28.5
"50","P43",49,0,61,13.6363636363636,0.325837099730595,0.154018554292024,0.569601581193832,33.8965517241379,47.7586206896552,21.9655172413793,47.7586206896552,38.051724137931
"51","P44",50,0,38,22,0.42436048068785,0.160732991481558,0.540782119145751,22.8620689655172,27.2758620689655,19.551724137931,37.0344827586207,49.7241379310345
"52","P45",51,0,36,20,0.73629161895877,0.278826247902439,0.907148120759566,24.0862068965517,43.6896551724138,45.2068965517241,47.5172413793103,33.6896551724138
"53","P46",52,0,60,17.1428571428571,0.914094096477022,0.193457032133431,0.613242436414537,57.2619047619048,69.1904761904762,16.6190476190476,30.4285714285714,24.8571428571429
"54","P47",53,0,69,27,0.559786168780084,0.17781123182643,0.640161566677894,71.6428571428571,83.6428571428571,14.9285714285714,14.9642857142857,11.3035714285714
"55","P48",54,0,47,18.3673469387755,0.310193135394145,0.0806726646763633,0.256200219772749,19.6774193548387,28.741935483871,18.1935483870968,38.5806451612903,56.1935483870968
"56","P50",55,0,26,10.7142857142857,0.280598438380649,0.103460022171109,0.341087250806685,23.9,27.1333333333333,19.5666666666667,24.6666666666667,60.65
"57","P51",56,0,37,22,0.838673270594251,0.245493272402665,0.851863432910029,44.9838709677419,54.6451612903226,37.4193548387097,37.7096774193548,35.6129032258064
"58","P52",57,0,27,14,0.452112811035639,0.244578905498152,0.926279781150747,20.6612903225806,17.1935483870968,19.3225806451613,25.4838709677419,58.258064516129
"59","P53",58,0,35,17,0.69442853745076,0.19865233115117,0.711550694402796,68.7333333333333,81.2,14.4666666666667,35.2,14
"60","P54",59,0,41,16,0.671300376820978,0.248777654779199,0.799760143870391,21.1666666666667,20.0740740740741,16.1481481481481,20.5555555555556,56.6851851851852
"61","P55",60,0,49,11,0.472415887329221,0.170247451291428,0.635780797807077,14.0384615384615,48.5,20.3076923076923,66.7307692307692,31.0384615384615
"62","P56",61,0,73,23,0.415670121373923,0.152543308547252,0.519851153491362,58.9354838709677,76,24.6774193548387,27.258064516129,14.9193548387097
"63","P57",62,0,90,16,0.510853677808044,0.178676022494221,0.604794351962019,64.2222222222222,76.0740740740741,22.2962962962963,22.8148148148148,20.7777777777778
"64","P58",63,0,99,14.2857142857143,0.846661029232698,0.240167222276863,0.862420279767815,63.5967741935484,86.8387096774194,11.8709677419355,32.3870967741936,10.6612903225806
"65","P59",64,0,49,25,0.614826597355432,0.308266036790664,0.949456656602661,49.7,65.4333333333333,19.5333333333333,72.8666666666667,25.3166666666667
"66","P60",65,0,75,30,0.715142312072482,0.261407921177246,1.01533199750367,54.0666666666667,62.3,23.3666666666667,30.1,24.7333333333333
"67","P61",66,0,57,17,0.666293368946284,0.0420093979177151,0.102683285358384,22.5714285714286,54.3571428571429,24.0714285714286,71.9285714285714,23.6428571428571
"68","P62",67,0,73,27,0.829512728420448,0.366575963675426,1.1602890179134,38.5,32.8709677419355,15.9677419354839,29.3225806451613,39.2258064516129
"69","P63",68,0,67,17,0.668519745399528,0.210462975833421,0.75766174753983,15.546875,64.03125,20.5625,90.90625,14.46875
"70","P64",69,0,48,12,0.576982823236045,0.126737865866481,0.441476134996661,19.65,46,19.5,42.7666666666667,28.3666666666667
"71","P65",70,0,56,32,0.72785016109805,0.181583492824311,0.605897184745884,50.25,60.9722222222222,16.8611111111111,28.7222222222222,28.0694444444444
"72","P66",71,0,83,11.9047619047619,0.68420050537617,0.186604024763174,0.771174032174739,53.9852941176471,69.4117647058823,12.6764705882353,47.3235294117647,16.4558823529412
"73","P67",72,0,64,9,0.647754006667147,0.238411703572217,0.855850415310412,55.7058823529412,76.2352941176471,13.8823529411765,13.8529411764706,14.1764705882353
"74","P68",73,0,70,20,0.719542715423308,0.258086484273184,0.96952011248213,70.46875,84.875,17,28.8125,9.921875
"75","P70",74,0,65,15,0.792677772616613,0.215815340236241,0.864869189357376,36.4090909090909,61.030303030303,13.3636363636364,43.3636363636364,20.2272727272727
"76","P71",75,0,56,11,0.658865979357686,0.247120221589108,0.86265134452409,64.9594594594595,65.027027027027,10.3513513513514,16.027027027027,21.1081081081081
"77","P72",76,0,50,15,0.625218128232019,0.159756517139433,0.49177273801759,15.0588235294118,48.7941176470588,18.3823529411765,80.9411764705882,18.8970588235294
"78","P73",77,0,76,19,0.812464061423396,0.202910570423945,0.785426903556188,54.1944444444444,69.9166666666667,14.1944444444444,40.9444444444444,18.4305555555556
"79","P74",78,0,63,23,0.53110515239949,0.0927884778601553,0.30634305239698,18.5857142857143,60.1428571428571,30,85,19.2714285714286
"80","P75",79,0,42,15.2173913043478,0.512499636832954,0.295530925354947,0.88593387578819,19.5694444444444,26.75,18.9722222222222,20,56.0277777777778
"81","P76",80,0,35,36,0.6199098653023,0.191259563595029,0.653822846332683,15.7857142857143,54.3714285714286,29.5142857142857,78.2285714285714,22.4
"82","P77",81,0,60,10,0.485090077090596,0.140349638356858,0.375397213299411,60.2666666666667,72.5666666666667,18.8333333333333,15.0333333333333,16.2166666666667
"83","P78",82,0,36,26.6666666666667,0.283611779556272,0.106139695030613,0.302395006415942,32.0416666666667,38.0833333333333,22.625,15,35.1875
"84","P79",83,0,39,24.4897959183673,0.420708722088444,0.166616837063089,0.629561651242801,10.8666666666667,13.6333333333333,6.06666666666667,32.5666666666667,63.05
"85","P8",84,0,31,20.4081632653061,0.564852693048024,0.254798640468155,0.879692709948304,26.5689655172414,25.5862068965517,17.6896551724138,18.2068965517241,47.1724137931034
"86","P80",85,0,82,6,0.693634558152549,0.259154877100919,0.796053804948295,65.8392857142857,84.3214285714286,12,15.25,10.6071428571429
"87","P81",86,0,59,19.3877551020408,0.592889999548383,0.180673339188944,0.611946886281302,30.1538461538462,64.0512820512821,15.8205128205128,66.5128205128205,14.8205128205128
"88","P82",87,0,78,23,0.616433178910678,0.217347184680026,0.688591040856956,59.8870967741936,77.1290322580645,10.4838709677419,13.1935483870968,9.09677419354839
"89","P83",88,0,74,17,0.419831609552203,0.201467301802236,0.800632874763776,49.390625,67.75,18.71875,43.6875,15.953125
"90","P84",89,0,38,21,0.773775164068092,0.212993100814841,0.782573686677696,33.1944444444444,36.6111111111111,15.0555555555556,13.1944444444444,40.2638888888889
"91","P85",90,0,80,19,0.617189420774138,0.198420207377785,0.639236267138192,65.8472222222222,79,17.1944444444444,29.6388888888889,15.6111111111111
"92","P86",91,0,49,16,0.517202418607581,0.201512544029,0.704184874656774,20.0735294117647,30.8529411764706,19.1176470588235,28.2352941176471,52.7205882352941
"93","P88",92,0,57,38,0.624672815189642,0.169347202455684,0.656858174395697,50.4864864864865,62.9189189189189,20.6216216216216,15.3243243243243,18.6216216216216
"94","P89",93,0,63,13.8297872340426,0.522061428041348,0.179147355866434,0.619777625470783,25.4166666666667,71.6944444444444,26.2222222222222,81.9722222222222,20.875
"95","P90",94,0,66,10,0.71127330106681,0.241041943154753,0.589985344655777,35.4210526315789,75.0526315789474,33.2631578947368,54.8421052631579,19.1052631578947
"96","P91",95,0,58,11.2244897959184,0.700240626687785,0.256588349889917,0.711759667019986,70.1034482758621,82.1034482758621,14.3793103448276,27.3448275862069,18.1896551724138
"97","P93",96,0,55,16,0.630139011003091,0.161529513008713,0.627041900648594,24.8815789473684,59.1052631578947,13.9736842105263,80.7105263157895,15.5263157894737
"98","P94",97,0,63,31,0.598997889616091,0.165425542173969,0.695518477627322,36.7794117647059,61.3529411764706,17.1470588235294,75.4705882352941,17.1470588235294
"99","P95",98,0,75,10,0.669345153823773,0.197353404754257,0.695746183753716,63.375,77.25,0,15.625,0
"100","P96",99,0,45,12,0.742125750667636,0.2191324086213,0.786874387349192,26.5540540540541,26.7297297297297,18.3513513513514,11.9189189189189,43.9864864864865
"101","P97",100,0,61,27.5510204081633,0.66794554528274,0.276651171334339,1.12225563398458,34.5,41.2857142857143,13.5714285714286,22.0571428571429,53.3714285714286
"102","P98",101,0,36,11.4583333333333,0.594702143899906,0.282715952838145,0.938653972368753,24.15625,45.34375,30.75,50.09375,31.890625
"103","P99",102,0,52,23.4042553191489,0.601648639773752,0.189375087218627,0.593725244520724,22.8235294117647,46.3823529411765,15,63.4117647058824,27.25
